文件,位置
./林鴻池/林鴻池010.jpg,http://pic.pimg.tw/ronnywang/1398090908-13227908.jpg?v=1398090917
./林鴻池/林鴻池011.jpg,http://pic.pimg.tw/ronnywang/1398090921-2207027325.jpg?v=1398090948
./林鴻池/林鴻池016.jpg,http://pic.pimg.tw/ronnywang/1398090956-3379011717.jpg?v=1398090965
./林鴻池/林鴻池020.jpg,http://pic.pimg.tw/ronnywang/1398090969-2653126383.jpg
./林鴻池/林鴻池017.jpg,http://pic.pimg.tw/ronnywang/1398090983-344574068.jpg
./林鴻池/林鴻池006.jpg,http://pic.pimg.tw/ronnywang/1398090997-3145382832.jpg
./林鴻池/林鴻池007.jpg,http://pic.pimg.tw/ronnywang/1398091017-2004048787.jpg?v=1398091032
./林鴻池/林鴻池022.jpg,http://pic.pimg.tw/ronnywang/1398091035-1859481016.jpg?v=1398091053
./林鴻池/林鴻池014.jpg,http://pic.pimg.tw/ronnywang/1398091063-1269365763.jpg?v=1398091071
./林鴻池/林鴻池005.jpg,http://pic.pimg.tw/ronnywang/1398091075-3560112533.jpg?v=1398091085
./林鴻池/林鴻池021.jpg,http://pic.pimg.tw/ronnywang/1398091090-4142403438.jpg?v=1398091098
./林鴻池/林鴻池002.jpg,http://pic.pimg.tw/ronnywang/1398091105-3657077397.jpg
./林鴻池/林鴻池018.jpg,http://pic.pimg.tw/ronnywang/1398091122-3567418892.jpg
./林鴻池/林鴻池009.jpg,http://pic.pimg.tw/ronnywang/1398091140-2769528301.jpg
./林鴻池/林鴻池015.jpg,http://pic.pimg.tw/ronnywang/1398091159-3548963508.jpg?v=1398091169
./林鴻池/林鴻池023.jpg,http://pic.pimg.tw/ronnywang/1398091171-2643542769.jpg?v=1398091182
./林鴻池/林鴻池008.jpg,http://pic.pimg.tw/ronnywang/1398091190-1435352512.jpg?v=1398091199
./林鴻池/林鴻池013.jpg,http://pic.pimg.tw/ronnywang/1398091203-1508004224.jpg?v=1398091212
./林鴻池/林鴻池012.jpg,http://pic.pimg.tw/ronnywang/1398091219-18560296.jpg
./林鴻池/林鴻池001.jpg,http://pic.pimg.tw/ronnywang/1398091233-512793693.jpg
./林鴻池/林鴻池004.jpg,http://pic.pimg.tw/ronnywang/1398091249-2275460182.jpg?v=1398091258
./林鴻池/林鴻池019.jpg,http://pic.pimg.tw/ronnywang/1398091260-3307682169.jpg?v=1398091279
./林鴻池/林鴻池003.jpg,http://pic.pimg.tw/ronnywang/1398091282-2919158973.jpg
./李鴻鈞/李鴻鈞008.jpg,http://pic.pimg.tw/ronnywang/1398091295-3276521572.jpg?v=1398091309
./李鴻鈞/李鴻鈞007.jpg,http://pic.pimg.tw/ronnywang/1398091311-2725516609.jpg?v=1398091320
./李鴻鈞/李鴻鈞001.jpg,http://pic.pimg.tw/ronnywang/1398091323-1442317237.jpg?v=1398091337
./李鴻鈞/李鴻鈞005.jpg,http://pic.pimg.tw/ronnywang/1398091341-806974439.jpg
./李鴻鈞/李鴻鈞006.jpg,http://pic.pimg.tw/ronnywang/1398091362-2969078582.jpg
./李鴻鈞/李鴻鈞002.jpg,http://pic.pimg.tw/ronnywang/1398091378-2682008188.jpg?v=1398091396
./李鴻鈞/李鴻鈞004.jpg,http://pic.pimg.tw/ronnywang/1398091403-3091549809.jpg
./李鴻鈞/李鴻鈞003.jpg,http://pic.pimg.tw/ronnywang/1398091417-1553830780.jpg
